{
  "rmse": 68506.36552791945,
  "mae": 20148.99031833679,
  "r2": 0.15608569028404107
}